지하철역,time_04_05,time_05_06,time_06_07,time_07_08,time_08_09,time_09_10,time_10_11,time_11_12,time_12_13,time_13_14,time_14_15,time_15_16,time_16_17,time_17_18,time_18_19,time_19_20,time_20_21,time_21_22,time_22_23,time_23_24,time_00_01,time_01_02,time_02_03,time_03_04
4.19민주묘지,30,16206,42121,94422,144400,106606,87483,88531,95360,99667,97909,104156,109621,114492,125919,110141,68047,55819,42878,27408,2209,13,8,0
가능,5048,106999,177242,317456,379905,228460,177333,167859,182222,182304,161197,183678,204342,259692,320084,279096,174470,145009,116094,79241,16279,0,0,0
가락시장,362,91685,263206,582345,1127643,648080,498869,486096,487705,511656,534252,581017,617701,750183,1126209,653919,452420,415848,323272,160247,42349,1648,20,0
가산디지털단지,20584,266601,562065,2218558,6424839,3575371,1157897,898044,944646,1043901,1057634,1166749,1406520,3100504,5452025,2591907,1453380,1200523,730271,324410,32956,71,12,0
가양,545,178253,368676,1020187,1235248,717102,471555,476983,491581,518877,510194,551388,648244,804547,1192056,890132,542682,491814,403427,229755,28767,599,2,0
가오리,50,27118,76425,194977,230276,144049,115494,110203,115832,116586,116812,125360,136212,149536,189458,176751,105576,84922,67689,37579,3266,17,0,0
가좌,3,27968,107816,247777,335788,181058,136669,126633,138733,146509,145334,153540,180895,201663,265542,217114,126680,99750,82695,52431,8487,8,0,0
가천대,418,67682,113719,254032,445192,287672,198628,175762,210504,212077,209249,219748,276645,342238,395359,303402,216024,207487,191030,121440,11877,4,0,0
가평,5,9504,27658,51573,88040,67791,72749,104665,94685,73247,83735,81211,76041,85989,84595,50112,36753,28732,19883,11671,3488,0,0,0
간석,3886,72357,147893,300254,303393,177004,136647,145042,150554,155169,148225,163946,187299,228822,298555,262405,165827,144500,117704,79400,21928,13,0,0
갈매,108,20927,58859,213249,162496,88469,66445,49938,59026,59952,63430,68588,71734,98217,153516,127081,77038,57007,52010,27762,7155,0,0,0
강남,2162,264111,824773,2117598,4329851,4306633,2243751,1992698,2173498,2677047,2548902,2757756,2975989,4104557,5997962,3877789,2532743,2660407,2407813,1025577,75620,574,33,0
강남구청,379,59443,251023,643997,1956228,1665073,750147,572410,567505,642634,647198,701530,747159,1058581,1897688,1143339,675134,626646,457869,196741,21113,38,2,1
강동,623,141981,376447,974887,1377593,736241,475598,434339,465027,489583,481123,513857,583870,828914,1158326,783212,480511,426934,362752,213497,34510,72,0,0
강동구청,381,63089,172126,473894,834016,405071,251381,229734,242482,265236,265048,276286,327891,421281,687666,428542,263681,233665,194761,92164,15220,48,0,0
강매,3,23837,70308,195835,205573,87661,59466,55335,58171,58324,55460,60391,72014,95199,143832,129585,76160,61213,54581,32296,11145,10,0,0
강변(동서울터미널),225,127445,529840,1143591,1756880,1325493,1026778,962440,1011161,1063750,1068163,1149297,1257460,1484258,2020577,1520689,1051362,863613,706847,343976,31997,226,11,0
강촌,21,1085,3653,6846,22047,20493,25965,31537,22916,22008,23757,27281,28545,25945,21201,12433,7812,6193,3619,2940,373,0,0,0
개롱,1,49860,121380,343879,404429,218071,153349,145149,166351,171484,165575,187257,221812,275244,369549,293727,163298,150642,132680,71313,15341,36,0,0
개봉,14019,271754,530974,1156295,1206628,740076,523530,503828,560551,545260,551030,596426,706335,957172,1349166,999049,622326,556511,435503,244026,33649,24,0,0
개포동,27,15095,74760,142157,195813,132812,95932,80487,97981,102000,101310,103189,124122,158577,195971,142728,91327,84788,78997,40451,2739,7,0,0
개화,79,24630,84484,167626,150794,68019,47970,48266,48242,47419,45593,53687,65800,91166,124469,88569,55860,41562,26241,14895,3076,192,1,0
개화산,19,42912,123745,277880,350335,169446,127685,125075,139126,140859,140157,149614,169774,208183,294000,223189,134567,120056,106815,53655,12294,299,4,0
거여,6,59023,196224,428793,492198,259233,179144,163071,181002,188854,186776,210995,268363,327256,405578,316494,179474,165085,141333,74297,15634,38,0,0
건대입구,3877,277536,581078,1202216,2260694,1618452,1113496,1115480,1310024,1475209,1517949,1659831,1879314,2461654,3391797,2495183,1863178,1775662,1598450,898613,128624,4245,22,0
검암,7814,85205,192519,506016,467493,204487,139097,134463,144120,141816,137897,145914,186157,251064,450607,371063,226650,188103,175566,102145,49221,83,0,0
경기광주,3,26987,151008,403601,450855,230961,150098,144238,153263,156942,148320,163313,201043,263955,404565,340890,207282,171938,106829,71112,409,0,0,0
경마공원,22,6601,31614,54812,117762,89562,92515,74225,67052,70752,67284,62383,75471,117772,210872,49322,24161,19039,12688,8367,1007,2,0,0
경복궁(정부서울청사),874,44564,203863,578710,1378784,753178,486149,477313,488393,561571,570681,596819,680975,892170,1363974,654906,447314,439290,308055,130800,11220,152,2,0
경찰병원,91,29976,110710,321524,611479,327868,217250,176861,188186,209597,201169,202127,211526,307802,455703,272132,180201,155680,121622,59195,12770,29,0,0
계양,101,88573,240087,609520,550281,290634,188746,180196,187469,182162,173041,189891,232716,313208,498463,476573,283141,245236,216629,123219,30376,69,0,0
고덕,47,53182,192899,460406,466165,258796,216663,215203,231454,246010,246832,261124,313493,360041,455459,389971,212620,191418,170786,87036,15649,478,4,0
고려대(종암),197,45170,119098,322745,557501,271471,179868,174909,193987,216412,196637,211549,266017,356069,447876,307021,196650,196765,167832,105627,9924,198,1,0
고속터미널,1629,170093,841310,1610930,2485808,2493130,2191183,2375084,2508639,2703169,2793599,3044550,3218479,3813619,4223505,3062189,2662622,1917333,1356201,548831,32455,231,14,3
고잔,2778,59388,182898,435992,503570,269787,215756,209482,210655,220321,223092,226410,245097,345444,462573,294680,204112,168715,137590,94799,32170,236,30,11
곡산,13,4341,12843,32859,43272,19184,13767,13736,14129,13638,15615,17522,18988,25130,37240,18562,14308,10670,7487,4471,923,0,0,0
곤지암,11,8468,34840,115635,115311,70297,51404,52389,57406,56621,54681,62706,75991,109822,121981,89857,49652,46941,29821,19966,3,3,0,0
공덕,1797,127563,399440,1342898,2993441,1604153,808239,786469,815792,878561,873387,941213,1091247,1699466,3030542,1490050,936540,902536,693188,372855,66622,831,9,1
공릉(서울과학기술대),234,84227,195961,506492,711931,401980,293732,279039,318797,334178,330596,364296,410598,489378,676868,561416,344503,305047,260719,175405,22318,55,1,0
공항시장,12,34880,62785,115686,146133,92987,80818,79754,84444,88207,89040,98758,107030,122175,157939,138991,94160,79263,68582,45555,8209,43,0,0
공항화물청사,25,11367,93097,173985,279845,67399,30056,43315,49709,33673,34590,41288,71846,120800,209456,68695,52068,44227,33302,9569,581,1,0,0
과천,103,27542,184671,243291,280474,158111,115726,109558,118612,122705,121252,130409,197301,223417,239803,179660,104640,97080,84569,53904,5181,8,0,0
관악,2287,103951,182097,415522,438625,263383,196992,163148,178931,173586,175866,185893,226451,285366,412997,324445,191104,180717,135113,83329,9899,10,0,2
광나루(장신대),38,75618,259383,570193,824124,493988,362534,316760,336243,359881,350530,369745,439556,515807,750421,473647,311156,283412,235942,122683,9907,28,0,0
광명,0,25612,63296,183935,134696,93456,43466,58144,75791,60394,76822,73420,136461,85591,186979,156883,61871,76598,63864,6534,5,0,0,0
광명사거리,1997,320439,500796,1104363,1426950,834667,580611,573701,621837,643143,635319,697748,804449,1008043,1374624,1069921,652329,552411,431183,237535,41817,191,13,0
광운대,24891,83971,176529,427374,461404,270779,209638,204706,221278,231652,231547,241620,274160,319910,398751,332144,216214,184680,158385,121522,41660,111,0,0
광화문(세종문화회관),84,19010,290168,1013347,3141597,1332181,588919,622232,622329,748857,740001,764092,886116,1436286,2761863,1108543,692599,677315,428516,157780,9516,29,0,0
광흥창(서강),54,45568,126737,356798,658065,361777,218492,202411,213938,217129,216572,235879,263234,362059,586600,339351,208512,188477,149078,75655,7777,42,0,0
교대(법원.검찰청),470,132983,541962,1185990,2742442,2345097,1316418,1179569,1184987,1387622,1453791,1486359,1558923,2215613,3329225,1691701,1130524,1149924,977964,398319,30576,142,13,0
구로,125992,318037,357433,764462,1301489,715387,456914,412505,422058,444729,440223,487844,573147,896987,1205491,657965,426360,410476,306505,193947,109277,261,2,1
구로디지털단지,3135,523896,856299,2390327,4829806,2993869,1357735,1127474,1182874,1309790,1269162,1398907,1619351,2555066,4311035,2807253,1677395,1551106,1313573,712339,52827,1025,5,2
구룡,98,7803,47020,92790,91947,52228,38354,39480,42130,45119,41780,46482,80683,76932,75227,44980,27351,31161,19582,12018,878,0,0,1
구리,8302,117641,285228,745263,747465,455757,342875,340597,340191,383822,358611,388065,459937,565660,766117,651446,420229,307666,279241,164778,29401,0,0,0
구반포,30,8276,37883,79827,137157,98850,73766,75421,87256,97772,94455,101200,107470,127721,182518,114192,72802,64819,56916,28001,2914,11,0,0
구산,46,56914,137704,361708,445428,243674,170969,171093,182235,179186,177958,198967,225119,243459,304378,272421,154812,134088,117235,59928,10613,21,0,0
구성,503,32514,107835,269446,306055,152354,111371,106645,106995,113317,112128,123084,143341,191842,276536,224814,141248,116942,106509,61813,8753,9,0,0
구의(광진구청),294,164296,393233,888279,1668216,994952,569576,507786,550490,588672,580828,641225,727490,949798,1459969,1024323,690432,643916,571072,303565,39461,247,23,0
구일,3266,58667,140067,370323,387256,200705,142404,135841,154877,164547,162588,185194,211608,276715,430838,308535,188978,172645,144301,71847,11872,12,0,0
구파발,1414,120996,423641,1166404,1213335,736723,569839,507849,544149,554313,557096,590293,678635,804304,1094726,879877,540174,485056,380102,260411,39687,875,10,0
국수,3,6174,14663,26285,36070,33478,26710,29314,24668,27762,27528,30817,33736,29208,27217,21577,16742,16548,9780,7316,2628,3,0,0
국회의사당,41,26270,114864,496127,1631140,806290,303799,274777,274585,314327,313657,317726,355989,803501,1348196,501650,297261,269325,177604,63741,4405,12,0,1
군자(능동),830,197243,420997,898683,1706813,977886,561574,516682,557659,599064,594028,665286,762704,1028965,1588587,1164222,727550,672807,579645,332083,80055,3394,33,0
군포,994,84579,179063,500779,692051,188666,131939,124160,134004,136682,129105,144307,178662,334417,544117,284605,196526,152504,106708,59297,7607,5,1,0
굴봉산,4,524,1295,3466,7314,7666,12221,9639,7475,7633,8670,9876,8559,7263,5244,3003,2060,1208,715,597,154,0,0,0
굴포천,50,78640,199267,449027,525773,296461,193467,187257,204736,211944,209713,216513,262425,343498,548299,482257,294232,246277,202554,115440,24432,1634,0,0
굽은다리(강동구민회관앞),4,74488,166093,445990,561157,313043,222514,213348,232201,245763,237539,256651,291102,356722,507977,404634,238393,230134,185570,104041,20736,19,7,0
금곡,143,18674,38265,75210,97626,51356,45099,38923,41854,41608,41914,44946,50786,58020,80575,55855,27691,27362,21576,13818,2989,0,0,0
금릉,644,34459,106255,232985,226952,133381,108535,105869,111194,123052,116062,125389,150678,186056,247856,199008,116244,106149,94268,52705,23047,7,0,0
금정,3319,336923,625403,1313146,1837397,824604,533136,519942,556857,571910,559849,615536,778108,1167198,1689980,1147341,752377,695639,544308,332802,78306,2060,6,5
금천구청,7558,139864,266227,659260,797305,375960,261611,247570,272167,280600,270696,305577,346001,455847,749007,503955,295343,270795,208040,120767,8674,10,0,0
금촌,989,39881,150185,312570,356135,214568,178391,174389,195236,206476,189666,209011,243087,276725,348958,260069,166030,147324,104156,63467,25533,25,0,0
금호,549,59179,138328,334834,489921,322630,220657,201945,212467,224254,218769,241869,273288,340599,459765,335212,231831,198487,161792,86119,7436,35,1,0
기흥,1899,63949,192924,457849,534098,279917,197421,192759,206487,223355,213929,233853,268031,370440,557317,452625,301186,251856,209301,139478,20300,13,0,2
길동,165,55610,130188,299418,483692,277277,207555,204953,217897,231590,231019,248437,282738,331670,473047,338538,208604,169842,129215,74018,12955,23,0,0
길음,178,124880,406786,1020597,1260894,729355,497274,458436,494163,528073,506364,555051,633810,825585,1140767,900601,561903,477182,435403,240778,16458,100,1,0
김유정,56,864,2573,8792,10938,12382,15594,19399,17499,17825,19006,20606,19201,18351,13551,7127,4537,2851,1861,1207,455,0,0,0
김포공항,477,94333,392841,747423,935523,742361,713360,811002,825581,949360,977466,949450,985866,1184046,1378066,932423,685105,612762,482426,102718,21738,141,10,1
까치산,1157,281530,557598,1484314,1963301,1047019,674658,632426,688397,704484,697493,774397,885423,1071698,1684750,1388488,882190,781241,642638,373098,43328,1366,9,0
까치울,22,52661,155664,386623,525955,248406,155075,156593,171777,178593,170472,181066,224185,306573,430818,353828,224695,186334,159808,82032,5348,20,0,0
낙성대,87,25554,66516,184583,327047,228342,133570,115335,130307,137280,132579,138862,154030,195316,284878,240974,156119,147553,143024,89558,23853,463,13,0
남구로,207,231952,247867,653131,1525139,776957,357806,301738,305530,313676,304553,341306,414143,777044,1236237,656686,386425,347735,258498,124853,12341,59,3,1
남동인더스파크,0,13241,46834,191564,230613,53707,32392,34749,34878,38676,39209,46289,48896,138896,164517,71109,53949,31914,11699,6269,1077,0,0,0
남부터미널(예술의전당),539,43341,366881,909723,2144904,1253997,825980,746542,786905,867777,903069,942958,1042807,1472861,2172684,1160857,737074,629704,451633,189908,11835,39,5,0
남성,34,73700,181754,476247,788792,458153,290838,261824,270240,290994,279782,304579,337398,421503,624451,463732,304448,283257,227602,132858,16918,57,8,0
남영,989,44035,133415,350861,773889,447146,220669,210798,225641,240573,243080,270501,314194,439012,760181,369052,243501,224127,186150,95345,4122,3,0,0
남춘천,5331,14969,46067,59244,77622,82259,71743,104702,116819,96325,108915,107873,98470,119382,82739,112312,67882,49987,46788,27105,10561,0,0,0
남태령,508,6206,23429,59883,78064,44189,30773,28858,31099,30915,32736,32614,39783,52676,56721,34064,21911,16886,11262,6072,1118,18,2,0
남한산성입구(성남법원.검찰청),169,124882,273966,648084,960249,521548,329712,299333,316392,332188,317109,353915,399041,492231,724539,536333,323590,297192,252112,135804,26125,45,0,0
내방,53,43510,196835,439562,1200396,687195,346527,297675,307482,356306,351424,368849,426239,609434,1099327,525903,330280,313383,235457,104412,29953,748,6,0
노들,166,40127,68667,195741,261871,153417,114676,99327,107554,118128,109166,125700,132523,166320,236996,173606,106895,102189,83393,50001,4138,15,0,0
노량진,7604,265988,590287,1475413,2210619,1224990,800685,787203,944461,1071261,931856,994622,1133534,1561588,2267592,1431414,1066440,1117216,1154781,519260,37959,105,13,0
노원,1954,251254,597092,1329438,1836183,1471248,1159207,1106506,1205922,1322199,1364828,1457639,1576386,1814557,2415258,1929927,1334826,1107034,976870,550436,88592,1456,2,0
녹번,286,107818,330776,736827,956849,520105,333076,294994,308726,311530,306528,326898,402858,510958,778819,609810,366663,323481,265474,151990,11801,31,7,0
녹사평(용산구청),224,16468,65710,138221,262408,143351,114014,110643,129574,141266,149827,156302,200494,241119,334407,222540,158131,154864,134300,69552,6812,26,0,0
녹양,2729,66426,123778,238293,264748,145296,115546,115111,123300,123358,107779,131475,144968,180216,235777,198819,132667,106186,87898,61541,13272,0,0,0
녹천,9433,58782,100512,259526,246630,147926,121013,110600,132974,119322,109417,126820,149008,163092,208104,185826,109808,98796,74006,49527,11176,0,0,0
논현,279,51296,240880,609158,1512114,1260688,550410,397045,398257,454945,473169,506073,568620,875605,1526428,925181,553374,542977,442637,219742,21028,55,6,0
능곡,27,30109,89241,202616,217908,122926,93586,89994,93372,97227,92210,97701,112236,143807,179152,143434,92800,80157,65840,41411,17199,33,0,0
단대오거리,108,117769,231977,489957,657344,343846,235689,224941,245216,247135,249462,274717,333133,401626,604903,442406,276850,234403,194642,112721,19467,246,0,0
달월,0,287,1875,2476,5425,2050,1724,1717,1760,1909,1814,2378,2413,8003,5029,1551,717,566,480,335,86,0,0,0
답십리,81,110562,275919,753003,1233754,570260,347235,320652,349086,369808,359893,392764,451608,620378,1003233,666990,383823,348986,285612,159417,24260,79,4,0
당고개,732,94284,277478,659243,709249,467675,360771,319127,336664,343900,340242,369240,407619,471632,600910,543240,349604,299316,253922,163928,24344,1571,9,0
당산,961,205898,584601,1497315,2597520,1424409,862316,839308,899348,953142,927593,987597,1142458,1687403,2724903,1719493,1138313,1070870,930831,545393,48366,1287,18,0
당정,153,49434,147651,357456,409215,175573,125738,124762,133301,137667,127177,145988,171116,242364,363690,280398,181953,153345,129254,80558,16407,2,0,0
대곡,65,9663,38574,94790,99996,54889,43314,42946,43660,42049,43641,44947,50728,62875,98055,63271,33922,31059,24319,20619,4645,5,0,0
대공원,38,4572,40164,52265,110588,150708,176457,123272,128004,143535,149701,146581,156657,149212,133904,63939,36245,29181,10415,4186,405,2,2,0
대림(구로구청),7566,571297,601290,1206855,2116310,1427272,973676,915349,938995,966967,953958,1072676,1165769,1567874,1905781,1239838,868431,953338,787567,383350,33535,761,25,2
대모산입구,176,36018,148143,139318,206295,121204,84996,78896,82690,84438,81143,95298,129102,167804,169452,108961,67084,55722,49203,26796,3241,6,0,0
대방,5453,91352,245453,715200,984734,491315,292222,270009,292709,323407,302724,335511,385416,597311,929963,489851,330878,311758,249232,120117,10674,4,0,0
대성리,14,3398,9910,18942,23701,18464,25358,34832,28304,28555,31147,26297,32175,29396,25324,15858,11294,7391,6022,3003,78,0,0,0
대야미,48,37977,126703,244826,286253,157040,125400,119441,124154,126956,131582,145631,170094,200371,268188,197842,135614,115445,92011,54212,12597,6,5,1
대청,390,51994,190275,418128,595515,320571,219921,211274,224275,238570,244491,293921,315756,412055,550261,371457,236307,205652,186324,95312,9602,34,0,0
대치,122,36124,207700,439275,531731,348743,252314,240249,298877,347635,317388,353701,384111,526818,597025,424833,268020,271853,389634,95599,7248,42,1,0
대화,1585,87152,341743,817393,691729,421001,333655,315227,323439,335177,318501,348893,349918,451000,545173,479844,328349,263310,232814,110976,36986,2420,0,0
대흥(서강대앞),145,34928,98997,270956,552562,321652,214250,190970,224069,235370,226195,237983,280562,354105,504835,298757,195879,185124,170123,89160,8710,57,1,0
덕계,24,28165,93284,150986,151494,74952,58834,58700,62875,55919,58667,63929,74366,97775,113110,105161,68948,47762,37971,29363,7946,12,0,0
덕소,15633,45324,128589,298316,319208,195673,157238,153221,166228,168015,159587,176953,197201,223015,301714,267749,170551,122880,118105,82854,26759,6,0,0
덕정,15,54383,154914,332242,334524,182192,138796,150282,165340,158576,146514,154448,188922,260852,291127,233784,154160,130951,101113,66825,15720,26,1,0
도곡,717,37484,176160,459679,747894,537818,294454,279762,299273,327000,313730,352988,403867,560074,701591,441546,269653,244346,187371,84403,22825,890,0,0
도농,7847,89608,256422,623071,579341,296096,218952,214626,215184,214589,223341,218556,318184,350960,488196,443335,253696,206504,171277,113890,36174,0,0,0
도림천,98,7114,19744,71835,99084,44325,34560,29497,44442,30669,39643,40768,45831,54021,69564,48050,25453,23570,15597,10060,1445,23,3,0
도봉,2900,95382,138122,256049,315947,219412,196345,174212,174854,186286,193830,211155,219804,239625,298565,226202,136098,116512,88880,50578,18378,2,0,0
도봉산,2777,141812,374357,961405,891250,644485,610982,512099,547036,545827,567712,598563,634340,641637,765158,716180,421472,338439,293818,185164,53892,2628,6,0
도심,36,22694,67173,164225,163922,77596,56032,55109,57761,56210,49468,62926,62684,90318,95266,100059,55406,39802,46950,24792,7572,1,0,0
도원,6871,38450,57937,114542,245331,93938,87543,89057,96854,104229,97901,113397,149067,134349,151450,94371,62766,57413,39796,26392,12563,10,0,0
도화,3630,51600,100735,203480,202189,116782,97155,94237,104206,105393,103262,105832,133830,148096,174214,136891,88395,74670,56185,44168,16901,18,0,0
독립문,1115,63852,122077,307125,438885,298536,255592,224417,235265,249485,242499,256010,277862,304183,372431,246007,153800,133386,109552,56910,38234,2135,4,0
독바위,34,24559,61371,165069,181204,108778,85394,74461,73214,75410,74003,80255,92528,103579,154453,139259,83023,68073,62275,42575,7836,11,0,0
독산,6187,111583,327565,840870,1462293,705446,331759,277619,312997,313234,300611,338017,438769,768116,1216726,733843,398440,359107,255221,130746,6703,4,6,2
돌곶이,235,76116,172691,409715,578664,318517,229477,202158,219417,239316,229536,242207,269785,338184,465859,389850,226842,193512,180009,104554,10434,34,0,0
동대문,10672,287370,376217,767325,1461302,1370524,1215216,1254636,1250359,1295990,1377914,1391308,1398113,1667114,1480846,988599,696872,598517,433979,298421,31365,233,23,0
동대문역사문화공원,1352,43149,64983,136795,375955,230019,181168,180769,189897,207471,221843,236808,253116,323607,451962,340476,229243,194551,166384,101100,24645,270,8,0
동대입구,191,28337,117856,233279,636187,330672,224811,212947,208366,229338,244361,239805,277939,488275,510798,254446,173500,170973,135410,53502,7367,245,3,0
동두천,184,15347,65516,141610,122235,78083,74805,72138,63728,65014,69038,73515,74887,85733,107085,75853,52451,36893,28654,15514,6067,5,0,0
동두천중앙,315,35316,76329,140337,199941,111965,100536,108336,111255,109978,102347,105407,109560,133881,144654,110603,77711,54692,47899,28582,8529,13,0,0
동묘앞,2574,105266,180575,349208,744279,603339,547666,683671,805788,909024,981529,978663,917832,868707,831671,469756,294325,260214,216286,157944,33207,394,26,0
동암,6876,285731,446947,772466,779288,492006,395912,395166,418952,428093,411444,454072,522728,695751,869130,730001,498625,443241,348689,225140,47925,73,0,0
동인천,18997,119054,302961,684353,701047,395486,372670,415310,429587,454219,440835,466233,540874,648327,795676,601958,382762,295124,241879,148112,40680,34,0,0
동작(현충원),519,20776,79178,163705,239979,157022,123867,120791,121796,132936,138148,148258,160820,192345,251448,154031,107183,95558,75038,41363,21944,1048,6,1
두정,12190,51387,111848,196224,188788,150973,119735,135441,141671,156103,149425,154460,180578,222794,273944,189853,166450,129791,107820,74276,15566,17,0,0
둔촌동,26,48819,153802,362752,521794,279883,204740,199528,222908,232092,232102,256651,298875,376372,529466,356476,210038,188526,151544,80185,5185,13,0,0
둔촌오륜,6,3018,24622,59078,60674,27752,20272,21447,20878,25062,23834,29121,42354,42395,49958,34419,18969,17728,16786,8923,734,80,1,0
등촌,73,63666,187540,484539,679972,343323,249264,249131,267346,280157,274292,315613,342106,427151,612592,473997,279936,226664,196279,118156,9649,55,0,0
디지털미디어시티,1792,147231,431485,1310514,2547067,1180952,552410,474781,504119,541991,514593,574398,717209,1223779,2311783,1242209,689296,593777,479438,251693,55753,1002,47,0
뚝섬,334,64984,251231,555343,1712982,1016614,468463,391122,434974,501067,509825,549536,638065,886201,1674516,908119,514822,450283,331710,154476,12250,170,4,0
뚝섬유원지,82,58424,138272,283881,450628,300371,178328,172163,194614,227932,250053,292147,329584,412389,531670,406806,287047,283982,238001,115279,8761,43,0,0
마곡,13,39819,129738,347838,617483,358413,199552,170539,175946,201022,201163,221639,274617,356435,518521,314062,182951,151238,123323,65486,10060,13,1,0
마곡나루,29,11446,47171,112108,222482,112967,57936,51273,59198,62690,62451,70193,86442,157501,210812,132544,84897,75861,67606,40690,13587,399,4,0
마두,207,47581,147848,265022,412066,278541,229101,237676,227253,267696,261232,278088,278739,310275,396208,282525,174745,146585,126725,63533,6289,16,0,0
마들,138,121608,283918,729738,701145,394632,297648,284008,302312,296574,292698,320195,350699,408968,571556,561642,322922,268439,235068,148604,25776,52,1,1
마석,312,20824,101384,227463,179932,131453,112515,101144,110481,113815,111340,118244,121483,148585,177247,172999,101442,78632,60092,28908,9674,0,0,0
마장,13,34576,99027,238605,399568,204094,150683,145390,155665,152965,151962,162419,180013,227130,322565,216004,136226,120846,103770,53552,7820,157,1,0
마천,93,64874,149048,294209,352400,193925,153072,133563,147291,147182,146798,166382,194005,226978,278041,224978,134112,118362,99171,58789,14158,40,0,0
마포,219,42001,174471,522236,1165950,584101,315579,297858,295701,335567,314416,336161,391497,609261,1118805,542304,347321,332896,250795,119398,16237,25,3,0
마포구청,193,90064,226679,569984,961262,526619,338265,308035,333093,347799,336004,367320,410512,506695,841410,543335,346257,319911,269126,154478,14453,79,0,0
망우,3675,91184,163901,367773,417716,252790,203581,203889,216806,231660,227012,247794,280284,327771,433784,317232,202616,157041,134110,80212,14942,1,0,0
망원,98,68789,162856,370082,751542,579392,389980,387660,464020,495644,508953,526856,593381,674646,945895,684498,425615,401200,325766,182627,12061,67,0,0
망월사,4344,92332,172960,320648,399394,284346,224446,210606,235361,230159,225661,241553,269792,310067,374905,318400,200683,167420,135412,80384,26201,7,0,0
망포,814,75528,268894,709598,895691,381330,225650,226526,246845,255002,253208,288202,352834,536897,866974,658793,431142,348825,288010,148280,27483,8,0,1
매교,3630,31422,57616,109392,184019,80059,59751,57610,61671,64823,60219,63962,89972,127201,134990,80734,52751,49307,36002,20468,4095,2,1,1
매봉,75,22945,167160,381326,955905,537446,253960,230029,230012,248863,258944,284266,315403,511196,918709,424862,251803,249173,174411,73339,8857,160,0,0
매탄권선,991,38112,102338,228016,270100,134919,86152,88150,96034,93910,96036,109460,129272,189318,254692,197982,131060,113846,98057,58027,9588,7,0,0
먹골,423,90843,174932,462769,655188,379883,260773,242237,262754,271686,271337,291219,330256,411317,572406,500964,294126,258875,215366,132014,18492,270,0,0
면목,317,155123,317116,725227,1074279,593618,385844,353273,376208,389644,381617,424879,512299,600163,836953,763497,444157,384774,314232,188702,28175,62,0,1
명동,376,19648,173326,480434,1216756,841125,554272,563879,590189,651815,674050,731229,810372,993537,1461504,800194,597628,523564,334041,124047,11790,246,7,0
명일,12,54880,163310,465779,479836,257965,210864,202188,214863,220155,219924,237714,275767,331811,485229,430520,212043,196647,159353,90366,17296,71,6,0
명학,1666,101859,217794,517761,833284,265237,167719,153749,171122,175717,166568,177676,233664,386267,621913,327918,232342,189493,136555,78653,10550,3,1,2
모란,3721,234859,421790,946270,1317591,922758,703976,731309,768229,825644,826236,943822,960439,1034247,1345056,952173,665224,621173,473882,286961,30928,1054,11,0
목동,19,100487,291015,809530,1118429,615988,412027,382072,414563,454969,448615,485444,562238,755631,1213799,857942,510081,458424,426413,209735,19211,59,0,0
몽촌토성(평화의문),27,29144,99096,193802,419223,239334,136759,130018,136035,148038,150952,162574,198034,251124,379366,209196,138471,126715,102093,50089,5877,18,0,0
무악재,249,23552,74852,189236,243207,143825,105107,96555,97189,100636,98143,105530,126151,156513,232290,175387,110462,96734,82749,51118,4018,19,0,0
문래,130,59111,245750,823207,1836942,919692,441785,394651,428292,467392,465386,486816,570689,891685,1704770,850020,500944,468901,377196,187543,18961,207,9,0
문산,10596,33705,119337,255089,305925,163775,148590,147380,172663,157161,162970,198952,191297,227912,281180,182800,147050,114897,75543,57509,28946,39,0,0
문정,69,55838,187586,688627,2126772,1097035,441641,358365,355200,426548,426472,476400,503883,929722,1696519,789797,471930,411918,315425,126878,10227,28,0,0
미금,7115,48594,249310,471043,813935,610865,444559,453520,484690,526444,518218,578835,599669,707014,894019,612342,438809,413567,339259,163761,27627,12,1,0
미아(서울사이버대학),506,136416,284121,684474,962610,573099,422653,399614,417173,434063,445494,491720,525085,618117,834746,654631,407983,359105,283855,166344,12609,60,3,0
미아사거리,403,188468,496798,1231162,1563567,1052470,741339,711669,760576,796231,816195,921420,1032079,1189976,1675159,1356564,923212,709578,572467,317644,22826,105,0,0
반월,172,46573,109871,221541,242656,145090,114614,110688,114045,122068,117966,128001,150203,178876,243652,177317,132035,105598,82440,51781,12951,10,2,1
반포,41,19451,105512,220855,358557,277543,150877,154192,175995,178675,169421,187459,227280,262115,327362,218111,152529,159841,127046,47610,4417,17,6,0
발산,8,64308,260637,613161,1351332,745850,428375,434788,481448,515573,519461,565560,653023,910888,1300310,780956,489241,457735,352571,153652,19346,34,0,0
방배,111,72668,256466,551058,1152257,777858,433672,388363,418872,472309,474059,502288,571831,777489,1172691,645759,424858,412167,355818,167323,14501,87,9,0
방이,4,34685,120863,290983,453950,244751,164266,155459,184747,204589,192313,208645,241403,309435,450348,298094,191255,185513,170889,63325,10435,24,0,0
방학,6913,145067,224656,422535,525432,320977,279253,257771,284396,276997,291141,324428,355548,387303,516140,402838,239921,201536,155114,87982,24311,15,0,0
방화,52,54337,157708,356325,418631,222218,166557,163115,187251,189890,186800,199923,225884,248452,339525,287429,179023,155258,132273,75511,16797,810,5,0
배방,842,11268,23882,33942,40772,29247,23831,25042,30784,29564,28448,30996,34226,46443,48925,40042,28706,27043,18473,15949,1318,2,0,0
백마,36,51241,184128,443183,381171,182994,134550,127841,150292,145212,145311,152027,182914,218036,381854,305929,180519,167476,129287,88092,17439,4,0,0
백석,707,71190,172351,373971,550610,333959,292476,289956,314127,330019,334991,365142,377262,450666,557889,438147,278840,248190,199259,98957,9302,18,0,0
백양리,3,757,2030,4030,7608,3636,7327,9050,6343,6287,6551,7339,6266,8065,5830,2457,2451,2049,1635,1291,186,0,0,0
백운,1327,103174,192333,368722,395150,237671,185650,188849,201355,196580,191594,205121,236491,292917,390582,318452,205156,181157,145933,97356,23925,20,0,0
버티고개,21,11171,35025,80382,142394,85471,60358,54394,58036,62561,61149,72147,70923,97059,137174,96582,58206,51609,44631,28166,2960,12,0,0
범계,1217,115922,455055,1137820,1426640,887143,609052,589351,634662,706511,680057,727432,851496,1081862,1599081,1254852,848614,674301,585055,270452,53900,62,7,5
별내,323,24809,70684,144601,148196,84001,63390,62454,67025,62101,70134,80589,94498,130871,136263,109126,68110,49124,46349,27301,3602,0,0,0
병점,31115,120275,362895,715334,630859,373854,296801,312170,339668,338402,341436,376062,469592,621277,808865,625519,437884,371764,295987,163403,74922,65,0,0
보라매,412,88256,162069,424375,809712,363455,213122,204539,226495,236231,229270,253927,293539,392846,681713,386492,237501,214165,173717,97639,14316,131,1,0
보문,218,57003,129936,340182,628980,337962,217295,203834,225391,237330,227727,240087,276753,346155,500642,350797,226963,207490,187898,128206,11888,59,0,0
보산,371,21419,38839,77541,68655,53343,44104,46130,47442,49743,49504,50619,59436,79216,73845,69728,50787,35620,28330,15684,4965,4,0,0
보정,406,10931,47687,121233,162674,81762,56754,54152,55217,55666,56351,69458,76659,85353,105372,79617,54226,47844,41776,25600,3941,9,0,0
복정,62,68788,214785,453872,642676,372979,228636,198856,226228,216471,223778,244801,297860,437289,633016,439672,269327,231057,196465,84492,11457,20,0,0
봉명,659,14436,24422,61994,54953,51105,46686,40221,39982,38304,37197,41402,34127,47591,39670,26335,19329,15834,13369,11024,1254,0,1,0
봉은사,24,30411,170571,446586,1101997,766240,370742,370389,380960,418261,431697,434715,502475,766110,1153447,651753,409902,364727,250576,83932,5238,14,0,0
봉천,744,193160,397834,1029664,1620340,1030197,623065,549864,590173,621862,603284,685078,736269,918079,1328511,1043556,686730,636659,537998,299312,28950,631,6,0
봉화산(서울의료원),121,69182,198085,601684,594199,284120,205925,182654,204968,214510,204425,217441,247020,325727,457017,398364,240468,198928,181921,105865,18259,667,0,0
부개,21475,131884,224211,478946,452190,258989,201955,200429,211858,215977,209194,223491,274710,318332,458254,360388,223842,201741,159624,103765,25088,23,1,0
부발,51,7653,33827,89789,95673,49744,40124,43445,49092,45058,44196,51964,62732,93383,100620,72808,58459,46133,37321,25222,11354,0,0,0
부천,29808,445702,626305,1399945,1664223,1088574,855127,873522,980009,1038090,1030230,1070006,1214693,1506176,2018212,1672487,1034392,960835,763096,465422,75067,108,2,1
부천시청,207,85359,243322,617590,715237,410536,268227,263903,290366,308838,308211,339425,392126,484885,726541,612080,405114,302584,244360,139400,17826,252,0,0
부천종합운동장,261,47490,96835,244330,349602,155636,100395,91646,92668,95521,90084,96727,113766,162854,255041,176630,106770,90333,71689,43236,4325,17,0,0
부평,85223,311711,530118,1159853,1242721,900506,750159,811346,927772,1020504,1031863,1106333,1253998,1490361,1994422,1602385,1096548,983012,802629,483079,116008,101,0,1
부평구청,486,99608,296664,806959,728941,334050,204019,191491,206575,211857,200332,215149,253046,370571,553499,525945,324061,259798,221166,127374,28673,3633,19,0
북한산보국문,77,27480,87589,252427,332446,215952,157713,144397,155204,162057,158306,177047,192193,231180,310876,251767,156010,134865,109797,66746,5786,35,0,0
북한산우이,139,20756,56914,119263,146659,134547,129860,110399,110342,108976,113893,115181,121825,112144,105208,84101,54937,41024,29244,17407,3067,94,1,0
불광,539,130351,333947,816988,1248754,873977,654165,617540,651921,698901,717585,766270,838372,961215,1280205,946716,594618,510435,406840,228802,23578,66,3,0
사가정,168,143583,320345,697976,1029650,597095,417514,385566,414432,418808,421093,473231,537971,670633,933425,791525,475854,414473,341081,185844,29191,47,2,1
사당,3302,316147,1038209,2220740,3131775,2293819,1538777,1473257,1599131,1680453,1670421,1818713,2170125,2898708,4158367,3003279,2001168,1986841,1812713,1024352,134323,4718,56,2
사릉,459,34499,89385,246765,213834,99230,79991,70223,73440,72322,71405,71938,96279,123170,202965,168249,76840,75386,61743,32865,8250,0,0,0
사평,144,10994,57259,138532,167325,94606,64912,67398,76634,84436,81543,86556,118204,137999,174017,125672,69682,60314,50700,27197,2658,15,0,0
산본,7482,119023,327175,782928,905549,515641,410175,405856,453799,479102,471092,499145,547197,682319,1022048,869736,532117,458939,373070,210934,50108,1864,4,2
산성,106,64328,141788,280865,386808,230505,165171,141549,150055,152825,153665,175624,213187,250492,319639,251425,163397,149634,122657,63888,11718,20,0,0
삼각지,55,31224,153015,371840,726020,346691,214189,215553,240902,260972,258841,283352,328118,494458,771155,392427,260991,251765,209834,120835,13723,103,8,0
삼동,1,11826,46499,138807,165201,79394,47478,40292,41868,44454,43512,44968,60569,86016,122023,103687,60713,55268,38523,16066,362,0,0,0
삼산체육관,104,32751,120028,287763,292583,140027,94898,96385,105446,104162,104473,112904,133194,162053,249384,205889,127580,105653,91441,56757,13803,1057,0,0
삼성(무역센터),1937,113992,565619,1576161,3723668,2830871,1280896,1064016,1066043,1253811,1296774,1395790,1575610,2461478,3785900,2200531,1454041,1169023,779599,241685,52237,4247,35,0
삼성중앙,36,13043,72288,203453,483643,348259,163371,116933,126639,147330,141041,158968,177551,293700,523322,272684,156460,134277,96912,48520,3977,12,0,0
삼송,5614,93626,424081,917290,1045593,572061,423199,415560,453459,464520,443630,498867,583383,706067,997733,814609,524837,455862,389870,151876,20428,526,0,1
삼양,14,15503,34047,82573,120262,81798,68463,63328,66540,71353,71404,77752,81782,76713,100645,85893,51618,42761,29992,17068,1732,16,2,0
삼양사거리,30,15543,38977,91663,135134,93210,81135,77920,82392,85294,85296,93622,94632,96790,120322,97135,58856,45333,36900,19099,1671,10,0,0
삼전,43,42748,92070,222660,397727,264143,152924,136306,151307,157994,158390,161695,187170,256597,373860,298502,190663,169237,146528,99721,9717,1329,7,0
상갈,380,34522,122050,275407,312665,172004,123362,115058,122878,130800,119979,128857,159882,224636,293685,225785,159154,139306,108530,67508,9555,4,2,0
상계,707,146610,464145,1121351,1098405,646162,478132,442834,489391,491716,477271,514225,586383,692834,971647,871687,542005,474020,432972,266681,26319,2245,3,0
상도,15,68051,196954,417334,659827,417288,268012,242053,262179,275904,269163,288125,345322,440388,601336,418337,279081,260291,232471,140428,17526,23,2,0
상동,83,67939,227960,552857,700886,475760,294787,303265,340828,359945,365563,384206,432595,537532,800922,623535,398757,358530,307138,157373,24541,615,0,0
상록수,5671,199792,474053,980329,1002656,560218,405800,394175,423491,434843,412930,438059,526103,686392,1019008,862348,573365,508144,382207,236582,64216,56,17,18
상봉(시외버스터미널),10298,218831,412165,992460,1484795,839721,533005,504345,565549,591462,583248,634417,728490,949075,1351424,1137354,694106,612855,505298,299455,57204,157,0,0
상수,97,33189,78564,161193,417759,296150,209894,212463,244031,293889,272449,290103,325821,436243,616079,434683,302720,295501,268770,166581,14590,65,2,0
상왕십리,657,70776,197648,538562,1030056,562650,345500,316120,335816,358133,344103,377788,416026,566333,846896,575898,362493,339495,272142,158458,14494,96,2,0
상월곡(한국과학기술연구원),155,58989,112632,289128,447315,231010,150871,137031,146922,150464,144437,154277,179386,212224,313618,253853,147797,132868,111769,74756,7624,24,0,0
상일동,140,105456,445375,1191513,1028377,465907,325074,310236,330796,339801,328641,358719,460726,586515,841561,771723,430647,340309,299550,188293,33743,3847,15,0
상천,1,1703,5270,8729,15649,14941,16990,16641,13464,12242,15476,16910,18803,14753,11389,6986,3911,3427,1914,1219,472,0,0,0
새절(신사),32,114393,261889,663983,850575,437236,302103,284820,317007,318333,314199,343559,399303,475721,705006,578995,350847,301404,263324,158586,39532,3389,3,0
샛강,166,21112,74604,203561,402621,193090,119850,117567,115958,129252,137875,142639,172553,269062,422785,191848,127228,111010,88467,44919,4337,40,0,0
서강대,54,6546,31078,63884,115628,89062,54217,55069,57167,59712,63688,64301,76379,96133,112584,71880,54607,58532,49921,25914,3649,1,0,0
서대문,113,45365,243059,788561,1855397,626028,356962,336775,338130,379987,372027,394793,472028,742590,1468182,516386,349931,307497,217069,96387,9350,115,0,0
서동탄,5,14674,57985,131113,69922,31327,28330,29809,31042,29699,30830,37904,41375,54879,74986,75632,39763,30245,28316,17877,11584,8,0,0
서빙고,481,15599,50968,76423,118639,64055,43891,40652,43717,50720,47220,57168,70214,92886,110152,61321,38661,32125,25581,13052,3474,0,0,0
서울대입구(관악구청),46697,358117,634422,1699596,2730181,2016252,1229567,1103138,1202824,1320849,1288879,1403321,1580005,1977766,2900366,2294303,1501331,1441248,1303895,748014,157690,11035,93,0
서울숲,1193,31159,158073,267079,627177,416552,209413,182364,203638,246938,249617,278150,341792,458648,656423,396250,236357,204412,155822,62390,9426,5,0,0
서울역,11882,280137,935888,2432299,4879574,3020201,1812103,1828610,2035953,2073084,1860396,2240107,2425988,3581310,4926858,2762743,1840849,1639147,1144254,553381,71770,1960,29,0
서정리,443,112170,158199,225647,257112,155182,142460,144031,178047,172857,163541,179241,245127,332878,328448,247614,177151,144415,104391,62521,7390,7,1,1
서초,291,69895,311572,678238,1567809,1270479,612681,539572,481039,578278,591989,612323,663402,972721,1398511,688005,422217,414151,294071,109099,7052,34,9,1
서현,4653,85268,256575,748385,1309877,975339,650537,623578,671480,749654,776564,828473,877618,1174380,1608983,1093535,840589,667566,519540,254742,23777,35,0,0
석계,24150,205695,457944,962650,1191774,716569,548367,524578,567074,585740,588805,655823,747007,915930,1277914,1080844,660423,579767,490378,304778,44601,129,0,0
석수,4266,116611,251399,564123,630838,361997,245347,206626,212091,215774,213342,248232,291423,396194,583626,434130,255663,245299,186468,102752,8769,6,5,0
석촌,57,74994,204504,526931,894153,609350,391484,376233,406455,440314,425338,447757,511716,645903,938017,679614,433930,425496,354115,173707,20243,356,1,0
석촌고분,69,27484,71220,188858,360012,237877,135371,121469,133929,141712,136616,151279,166785,216574,339980,249047,164691,144949,121848,69429,6287,21,0,0
선릉,1710,156834,720609,2004139,5048248,3746610,1828186,1453006,1448580,1682940,1679546,1819668,2263405,3127355,4898563,2554543,1519784,1413162,1118432,429243,39226,380,8,0
선바위,32,24962,166463,447834,563592,345511,184094,164782,175154,178043,173905,192524,234630,387224,559727,342235,208583,178122,129974,60698,7462,12,0,0
선유도,48,33345,112354,313644,624965,273322,134834,141054,146036,158381,162547,176189,214897,314128,568071,304400,164219,141119,112559,58832,6213,37,0,0
선정릉,134,42342,178639,442464,1321022,1096227,469835,353933,357779,395996,404487,405709,471028,706920,1278259,782794,411997,374299,293386,116706,12070,39,1,0
성균관대,1374,111890,337619,784671,771104,398249,292037,289718,310273,343082,319403,345402,421095,573913,840292,691935,437142,386933,325302,192689,36809,6,1,1
성수,383,101875,423010,1010947,3235626,1574230,683182,586484,623101,731075,739924,803068,916268,1474965,2833915,1358829,761570,692848,518063,245098,55732,2912,18,0
성신여대입구(돈암),559,90486,282849,731376,1128762,791301,589085,592479,678090,728936,737598,786082,871280,1066650,1417565,1053249,741320,700464,603285,323937,23993,121,5,1
성환,331,27492,53141,160457,171385,103323,93818,99138,116210,123215,115682,116098,138130,196926,184255,108867,95941,76360,54239,40409,6418,15,0,1
세류,4286,44674,106850,197981,151483,82518,71606,69676,70778,71566,69277,77205,97070,131964,172400,140988,98264,82818,61834,33195,9830,3,0,0
세마,2579,27388,71598,129346,139533,77785,55759,56380,56623,63232,60950,58505,81230,103123,138336,102438,70576,62666,47979,25892,2090,0,0,0
세종대왕릉,3,1948,5457,13764,14345,9573,9880,10682,9714,8646,11210,10924,12489,13118,13632,11606,5458,5390,2728,3208,928,0,0,0
소래포구,41,29036,82037,187771,189607,126906,122173,181455,226492,221275,236148,243191,227933,217576,230732,164227,116163,105550,84103,52323,9523,0,2,0
소사,14129,217532,251903,480371,497004,321977,268358,254298,273248,266989,261709,266240,308292,393824,486429,397914,242200,231231,188460,114489,27182,27,0,0
소요산,829,14399,28999,84572,86571,108946,129251,176981,186887,185248,204590,209897,187964,139811,90901,51709,37272,25905,17144,11019,5665,3,0,0
솔밭공원,103,23698,48111,114983,123211,86432,71166,66980,73917,73976,75315,77980,83985,85203,104107,96850,59717,47855,37921,24830,2852,43,2,0
솔샘,28,30266,105510,324421,346767,195300,133774,118404,129244,134959,130392,142872,161464,187545,286798,263981,147750,123536,102747,60070,6179,21,0,0
송내,16192,270379,600172,1575850,1889290,985505,622078,595315,648869,643455,613796,655975,791889,1095029,1859713,1349882,808297,694539,574018,334320,62431,33,1,0
송도,14,21259,51066,120367,131683,68732,61258,68520,77176,78540,75401,81196,91448,107351,133452,86707,55216,51595,39717,26926,5740,0,0,0
송정,532,58332,137684,308829,388734,240328,186905,180826,189129,193567,194596,213084,234611,289651,374011,274403,181421,160450,137071,79790,11216,37,2,0
송탄,888,75300,113954,176426,177824,115071,105095,113375,118057,125003,119373,133775,155821,189113,217130,178982,132111,123073,99538,54030,6591,7,0,0
송파,21,36850,147721,417293,575157,316756,212024,200020,222081,229184,227491,256546,287947,337703,505212,357205,211612,194072,148264,89096,12900,593,0,0
송파나루,2,21774,53965,150705,248057,168658,100186,105272,110336,130030,119027,125893,146951,190417,294482,219584,128416,126700,103075,54217,4888,25,0,0
수내,1892,47812,142817,351050,787886,588004,337156,293295,330810,351691,376439,386119,433742,566789,808758,520717,413769,300967,250503,99900,12330,9,0,0
수락산,321,109274,293391,644973,719363,482694,385856,341905,349872,352449,356099,382932,426524,493941,668936,637200,385900,312081,264938,156520,34187,277,3,0
수리산,111,40550,117295,251086,252781,145252,116675,100128,100996,97947,93707,103902,111012,129537,190250,151643,94129,78361,67572,41627,9117,3,4,0
수색,4,11301,46276,85231,207789,120089,57593,44325,45240,55402,49897,53572,67252,118015,169487,89380,49919,38441,30841,14433,2252,3,0,0
수서,3328,140688,481786,1169021,1884420,1144151,889257,722417,880010,867632,782367,968992,1109004,1385370,1923733,1180026,906887,678655,608368,273398,30264,968,0,1
수원,34090,351711,791315,1651127,1828092,1313107,1078827,1156864,1327599,1380023,1384562,1478695,1755177,2112504,2639831,2116010,1612280,1260712,1022223,508838,87434,58,19,2
수원시청,4455,74856,173857,404849,701234,416439,261532,270676,315055,332348,319554,353480,405853,545743,794417,571008,390683,359188,288685,162116,23579,12,2,1
수유(강북구청),1382,266257,622544,1462630,2053958,1297153,891917,844936,902119,952897,974146,1040708,1181466,1429375,2062616,1692827,1092681,972569,801324,490027,38831,144,1,0
수진,25,47257,95199,203158,325425,183760,137571,134272,141058,163149,151175,169448,184552,201022,249727,191208,126421,113148,93046,52978,9095,640,2,0
숙대입구(갈월),163,43560,157473,403788,840995,520099,318697,315061,339512,364127,368241,389388,460931,611986,911194,523331,349198,328368,271959,149314,10527,51,3,0
숭실대입구(살피재),472,72895,168624,471668,762651,480399,300280,284851,312059,333027,320270,341890,402429,521993,699797,524984,341419,321014,283466,175493,22835,38,5,0
숭의,99,39545,83462,208055,220008,106145,88448,88114,99060,103873,98402,106144,123259,171250,209484,108729,71490,69988,50209,28296,6647,3,0,0
시청,724,91453,418370,1554915,4272731,2075072,870899,893749,865642,982554,1023719,1097238,1147872,1967741,3708425,1434509,959383,891771,562915,212523,12324,316,17,0
신갈,780,32033,103908,220794,269284,145048,107185,105430,107999,118476,116466,122566,137747,164548,225833,178930,121134,102193,93387,59281,7527,7,0,0
신금호,145,34522,101601,308462,432052,229744,154862,141190,155656,162587,158182,178219,212178,255876,378767,267150,166000,143244,118510,70364,9900,24,1,0
신길,9290,171308,240863,602243,1024978,470527,255324,238503,261899,279785,259055,293317,355203,534928,910939,485533,306544,315150,243203,137099,15347,38,3,0
신길온천,167,19772,50762,103915,83183,44780,38812,36706,37681,36153,37923,42606,49573,71908,90454,64428,44260,34555,25829,17925,6493,115,1,1
신내,105,13959,53029,84548,93046,41566,34366,33131,35784,35813,38995,45170,55485,69964,74081,52836,27553,24127,19329,12296,1837,1,0,0
신논현,374,72491,316552,823465,1481152,1388992,830015,733306,786192,910290,887837,941674,1083314,1473386,2211783,1541190,971691,959000,818650,387299,36067,1962,2,1
신답,17,12308,26094,77243,129256,54623,32937,31997,34515,36193,36189,43183,50439,64984,123944,88580,40944,42852,31493,21264,1809,8,0,0
신당,2086,186104,344878,701853,1402267,890726,613126,588046,616157,638630,649507,676768,778315,955943,1303588,959177,629023,543580,470027,328961,31477,122,3,0
신대방,1514,307379,508821,1177033,1808743,1114727,660270,567899,606350,627524,618713,712800,805302,1053370,1505192,1175806,793055,798530,691027,398059,30467,498,3,0
신대방삼거리,186,129015,272080,686924,1227613,673763,398674,355967,383874,393294,392376,427986,489862,618747,996249,727278,459091,403523,338108,203060,26119,73,5,1
신도림,46287,495871,810697,2085357,3084996,1869570,1376138,1282056,1415739,1508623,1481400,1598927,1799650,2368398,3586903,2458366,1641860,1530660,1240374,737308,192284,8643,72,0
신둔도예촌,5,6775,23026,64239,71582,35753,27974,27576,30355,28339,26021,29358,37724,61844,61771,49575,31111,29961,19415,14510,2,0,0,0
신림,3548,510421,1099531,2656889,4135301,2648317,1539678,1361260,1481743,1554242,1563045,1729133,1969752,2514870,3775754,3194940,2128806,2022918,1747445,1103538,94648,1282,4,0
신목동,10,22037,82033,224069,244303,118426,74092,75454,82574,86477,80073,84496,108393,140528,213291,158400,91447,89303,80614,44890,5287,285,0,0
신반포,5,8546,54343,115294,163950,103922,72757,62790,70182,85998,80101,97228,112273,137582,167215,108761,65758,59784,48455,25701,2042,2,0,0
신방화,58,58146,149863,337292,393128,215823,158338,156119,176544,179093,169741,205036,212910,245688,368559,294582,183822,164089,138319,79385,8861,55,0,0
신사,739,56629,285296,602303,1450838,1647373,911432,736985,793176,899129,958955,1016375,1119566,1485328,2267265,1531499,914289,896260,696548,287622,20680,65,1,0
신설동,4126,168447,256910,612420,1379684,834861,565065,576539,595423,647356,645633,681395,737237,954266,1303451,646105,403101,363595,278004,151862,21696,643,5,1
신용산,54,27173,180444,465145,1205959,756343,364802,326461,330994,374013,376323,419174,498445,764726,1265408,645888,410634,340853,230763,100857,6172,45,5,0
신원,1,1130,3895,9275,9329,10054,10369,9876,8225,9041,10475,12388,11549,10194,10746,4913,3476,2555,1494,884,366,1,0,0
신이문,16394,111686,183528,456209,529636,293508,223435,209155,220208,228287,219629,251568,271939,323897,449906,368436,223960,186219,160879,94203,15224,29,0,0
신정(은행정),486,134256,290393,780684,1036234,493346,281541,251282,266087,272178,262110,293031,339679,435312,667926,501561,312055,283472,247649,145962,12537,47,0,0
신정네거리,744,104890,228396,526783,568959,323888,228864,222454,239343,245566,239846,269707,327490,423324,597582,451272,264557,221068,190617,112832,15347,682,2,0
신중동,63,82638,241122,652909,969618,521701,331176,299502,325869,348107,342338,368328,420609,557618,945567,687928,445558,324229,275508,174526,18497,42,0,0
신창(순천향대),3018,6300,15479,40698,65789,38794,37841,44190,50131,43379,52443,51648,55234,61192,68544,38947,34086,29282,27359,16892,2069,2,0,0
신촌,862,112709,326190,784005,1436708,1408311,985126,992940,1149167,1286961,1212381,1244675,1386124,1785738,2194475,1546303,1160641,1101024,1040121,531201,40076,340,7,0
신포,38,13287,24351,61029,111034,46633,40316,46028,52301,57182,55972,61102,71425,82313,116074,53760,40150,34412,24301,12467,2460,0,0,0
신풍,723,133198,243962,525393,754591,423261,269722,241964,260918,273260,260011,295130,347670,472062,644480,455245,280462,268130,218219,116020,23176,1453,2,0
신흥,2,52785,93885,173183,247349,161575,127051,123018,133882,144349,155226,168084,189694,207464,268327,206615,140697,122738,93298,52645,8597,561,0,0
쌍문,1155,265280,688077,1541933,1814019,1091863,758104,672431,715616,716090,709470,784242,901334,1098634,1559095,1410114,876763,745141,633313,386361,41333,153,1,1
쌍용(나사렛대),806,22459,42886,87536,86904,56625,46563,48516,59107,53948,52811,58538,54540,84310,91133,70818,52086,41781,31332,26385,2789,3,0,0
아산,499,13658,42240,108056,103286,74696,71947,65752,88742,80435,81290,102024,83319,120018,144625,116230,75728,75172,48285,34634,2539,2,0,0
아신,67,4671,10892,26465,24500,22320,21159,21910,19189,20260,21754,22086,21563,29676,26017,19227,12092,14047,8898,6568,2737,2,0,0
아차산(어린이대공원후문),31,110951,237420,577162,905088,542615,412650,375335,407950,433114,430528,462007,518392,615087,845950,620120,384871,336615,275111,147999,15188,47,0,0
아현,193,63914,193724,400401,597597,360540,258463,245406,267899,278627,284242,316740,355985,425073,537529,387310,252306,228392,185697,109058,8957,153,13,1
안국,190,37962,252313,1050279,1208179,701074,469440,495173,516789,563623,595327,621127,690146,1250723,1394408,592200,419769,366472,227355,80497,5749,20,8,0
안산,18450,136881,317292,654961,585873,329112,283755,293303,318766,329234,327873,354255,397189,676388,759949,487403,394071,292293,165093,77556,26997,1041,367,345
안암(고대병원앞),326,31540,96622,246023,485966,421298,303466,274864,293688,331478,314786,332895,378004,527844,545290,365672,266874,271718,266072,174298,23473,474,1,0
안양,3596,203730,469011,1040978,1129064,735104,546981,554259,637075,658519,641257,684508,802353,1005740,1306931,1050209,672174,614022,479023,284886,33403,14,4,3
암사,248,165126,342814,946624,1326979,703040,404804,381535,416449,424098,415805,462406,518714,672043,1033167,785946,470294,434442,339839,191994,30877,2354,19,0
압구정,553,57662,331670,667918,1822689,1927168,1012804,892533,851304,959886,997962,1040440,1131481,1452129,2112184,1468962,1007394,724155,515915,172649,25723,864,8,0
압구정로데오,1523,28693,149678,296068,835469,1108741,586898,449553,458153,489100,509110,553025,629389,884277,1284104,924099,660595,443726,316378,112629,7911,12,0,0
애오개,126,28858,94337,291782,602153,269384,159008,149746,154271,174180,172844,192732,194475,272460,502729,249711,157897,137793,116146,61031,22065,1062,5,0
야당,222,46814,162274,299338,281210,168891,128096,129144,137509,134840,141356,155396,172376,248306,305863,267954,184315,160977,138421,70682,33848,13,0,0
야탑,1848,114797,362290,971346,1693744,992758,658844,652878,713449,744812,760670,786441,900301,1146152,1685741,1108658,721100,626905,501961,251908,31468,20,0,1
약수,1330,95555,222716,524871,1065717,672483,450126,428390,453790,478912,485329,510954,575701,728636,1045766,655662,448990,420628,336074,179174,36307,1705,7,0
양수,5,11145,31084,86396,72166,76941,76113,74066,72404,79412,81936,83367,95440,94083,84420,63055,57957,35776,31450,12756,5852,2,0,0
양원,392,20269,49784,115381,90574,51261,45061,41938,42006,47763,45718,62610,71447,66905,69867,48486,32719,21909,20102,10244,2030,0,0,0
양재(서초구청),1157,86459,572719,1485494,3173449,1723694,891967,797464,796686,927018,902931,984254,1118174,1829875,3037844,1621346,1010189,912099,648134,260959,27187,107,6,1
양정,1036,6560,19283,49264,53934,28087,22233,23170,20401,22285,22827,23157,31003,44866,51536,27806,14163,11502,8094,4355,1840,0,0,0
양주,17306,77059,195226,466043,417702,259631,213107,212974,217664,205913,201041,216731,254618,293853,398987,316928,211709,164034,134388,82035,33552,4,0,0
양천구청,175,61234,143677,396393,409882,228081,155710,148647,165886,173870,161503,177248,205138,270917,408191,318761,185130,162746,140827,94625,15270,140,3,0
양천향교,29,57288,157677,401942,675294,324175,196778,193112,219981,214651,226225,236047,268679,366491,593428,394078,247761,209000,181169,115835,10912,53,0,0
양평,581,46372,156924,442440,830441,380291,246860,237225,247845,247574,259118,279175,284863,409393,715607,378155,236959,196243,161561,99629,17052,27,0,0
어린이대공원(세종대),117,51932,181675,336795,764564,482332,299868,276819,316772,348643,338511,372289,428050,562007,675239,451720,304356,295018,271204,161646,15873,73,0,0
언주,51,25491,111977,249928,670678,510188,269174,201998,213794,235082,238723,253075,289379,455358,687588,385055,221895,196958,140844,65205,7222,230,1,0
여의나루,90,27331,157371,366673,716643,218616,114370,123673,151119,189620,225093,268844,338428,545640,745981,382488,274138,244337,185164,72037,6013,18,1,0
여의도,129,99727,597117,2901453,4183962,1647666,732841,806917,771045,894912,868673,963597,1186822,2836480,3907149,1639032,1048672,952031,619084,223996,42185,670,13,0
여주,59,11064,33874,75833,81056,70403,59708,63624,71511,68025,73462,76899,94367,86157,80578,91529,62576,37400,30737,25024,9098,0,0,0
역곡,10067,341856,616780,1490697,1598105,912258,637146,614883,673387,673265,656397,688466,860599,1094068,1618641,1339282,824959,727540,611669,357664,49966,69,0,0
역삼,685,132098,582922,1514369,3883246,3194314,1352714,993029,976032,1147113,1149891,1276370,1450379,2474003,3599198,1944305,1116453,1044766,727627,297185,21690,171,4,2
역촌,16,24998,80708,199218,275432,140631,99772,97175,108377,113311,106758,110562,128471,161518,241612,191991,105730,99927,82892,55808,4750,20,0,0
연수,25,33413,84971,192428,237222,130403,108219,115317,128908,138285,132019,141814,161422,201041,277242,173566,132383,119849,92626,62175,11689,0,4,0
연신내,3296,318238,688106,1724613,2164691,1368263,1008453,953462,1024173,1066321,1057987,1156014,1310124,1521236,2085014,1821764,1109538,1023241,851870,519900,63930,248,10,0
염창,134,126350,324022,875810,1120554,585257,365484,330565,372849,376580,357804,393971,444532,655057,1017561,826441,521122,444360,389179,249311,24744,2517,1,0
영등포,48414,268217,429972,1060874,1952495,1399368,1075580,1118849,1227674,1360445,1379953,1495312,1665183,2025194,2899705,1837022,1464036,1154401,864098,395008,34226,39,4,0
영등포구청,418,112908,326676,976828,2231801,1100906,620488,577656,602038,661281,657158,693605,782301,1097768,2081791,1001192,624930,582948,460633,242715,25374,367,7,0
영등포시장,34,38672,121704,334200,675903,354382,235670,236867,253172,290631,281437,290358,320080,412182,648069,349121,217884,191943,149324,76961,5334,34,1,0
영종,59,25288,81160,137673,125206,85711,70953,79024,85246,80605,82732,88908,93138,117927,128182,132202,90665,81063,68674,47859,22229,9,0,0
영통,992,35331,113756,257115,410294,271894,184337,194458,219607,242022,234537,250722,293918,386341,499856,348734,251427,248624,226772,116494,19638,8,0,0
오금,125,54588,157506,513612,796454,361968,225178,200668,227531,235546,221801,246824,283315,397334,614173,360955,240630,205886,186494,97767,24238,51,5,0
오류동,6690,156580,261611,615291,672068,394881,302178,271844,315100,311109,298746,332819,364433,452967,653549,523325,326156,299175,237877,134373,25293,37,0,0
오리,8917,46841,229828,472446,720065,418725,278753,261244,290505,294057,290020,308640,350319,438783,657132,411086,286692,244202,196426,107764,21862,11,0,0
오목교(목동운동장앞),158,67515,251984,816474,1437132,949232,565971,557931,605917,659901,660111,695942,807812,1050554,1658265,1027887,745466,572654,504432,216362,15376,57,0,0
오빈,13,1707,7551,12602,14493,11947,10994,10374,10266,10044,9330,11014,11276,16096,13933,8296,5552,6278,4899,2348,1031,0,0,0
오산,3330,84420,232145,461496,408131,283861,240760,241550,282015,277776,277477,302507,361524,472127,562635,404980,313378,243407,166556,86518,6025,8,2,0
오산대,1646,32060,79597,144130,145604,83414,71519,69253,71533,86537,80789,75649,103550,127702,175863,117241,82143,76115,52539,32381,2100,0,0,0
오이도,2403,69925,248374,503567,431455,226499,202333,219652,245488,252627,243739,270246,294545,402646,509869,387874,266248,237463,185288,113594,40010,1472,6,0
옥수,2883,45853,147243,331327,515380,342829,240434,236376,251220,281027,273619,301330,346251,434251,573078,412954,279079,247718,204605,101891,13610,33,0,0
온수(성공회대입구),3345,175969,358633,982861,1183023,562001,375790,346480,393430,394477,376625,413704,517011,642834,981383,739607,439894,397172,316368,196400,58337,2217,43,0
온양온천,5577,25827,61224,116301,162228,130619,131816,164095,168499,153582,164575,152202,140388,148246,171791,112781,84038,74029,50658,36113,4938,3,0,2
올림픽공원(한국체대),32,36013,211326,383518,523720,320663,224539,228455,256020,268371,273355,298533,361528,444427,546009,365780,250829,214488,195795,104805,7605,103,0,0
왕십리(성동구청),19172,185652,368678,911933,1788932,1097030,767042,803366,921013,1013684,1031511,1121671,1291724,1669684,2379227,1665617,1154656,1113667,1015349,585716,104099,1029,15,1
외대앞,5843,72488,127084,244964,372936,260982,207446,213187,233010,241330,250221,276557,298455,347343,395005,317732,215461,211104,178728,115969,18084,41,0,0
용답,187,29895,44333,97924,169323,85621,62355,61319,68422,75127,75233,82303,97940,109495,152345,102737,64479,69122,59151,36856,2936,15,0,0
용두(동대문구청),193,14036,25635,77770,155148,82289,67135,73184,72627,81849,86627,94176,90357,97916,146740,89232,49973,45687,31814,18777,1860,20,0,0
용마산,14,10336,23668,50068,76715,44919,29033,25287,26437,27802,26159,28445,32287,38255,53311,48706,29263,27044,24779,15072,5266,15,0,0
용문,2897,8699,26098,54140,79798,57499,80429,115225,116993,107843,122537,114630,119381,98762,68807,51539,40833,25413,19895,15505,7946,36,0,0
용산,3516,104095,422730,928102,1834005,1300051,959256,926652,954323,1068294,1040676,1242121,1324087,1660386,2298966,1402495,1116059,974080,598696,227898,20727,13,0,0
우장산,24,72426,268305,734510,837497,460743,349012,352306,383269,406265,397430,442095,487627,549859,781577,607730,364877,318918,285878,153418,18567,50,0,0
운길산,3,3153,13664,23899,33971,42210,44277,44755,40750,36799,47000,50684,52432,47441,33690,26207,16840,11090,8340,5111,1169,1,0,0
운서,321,81707,168313,284811,340125,192060,145874,164540,175428,171005,168971,199021,223964,297838,363300,251372,203241,195197,176071,106025,40473,33,0,0
운정,387,36792,199928,360300,344551,161147,130439,123160,134809,135451,129055,147712,187704,230815,316590,264095,157827,146292,111127,54035,24561,5,0,0
원당,2655,106350,284631,570742,636591,368045,287983,280330,298093,297965,292384,314056,358948,440357,553732,492055,299344,267218,228151,119270,9391,19,0,0
원덕,422,3654,6345,12776,15950,14832,17056,16505,14655,11471,15244,16858,16820,18534,14319,10763,6294,6485,3354,2604,1432,0,0,0
원인재,491,38565,93198,195579,232191,129270,104889,109353,119455,128109,122713,133800,150341,189548,248052,166359,127507,122429,91655,60075,14227,2,0,0
원흥,2065,66494,215296,465097,543932,318871,213556,203046,219420,235617,222933,244981,276757,359098,473239,409365,242479,222258,190987,101019,13492,204,0,0
월계,6685,76369,120585,311476,317537,205910,170555,162630,181278,185030,172276,194140,230370,238491,306634,246584,151705,130257,106173,63338,15266,0,0,0
월곡(동덕여대),156,81117,178731,500854,747799,413650,284791,264950,292246,296336,298076,316061,370421,443516,688190,507161,301455,272977,220801,135919,12565,41,0,0
월곶,63,15979,50853,120416,108635,69275,55062,62712,65733,69371,68949,71683,80848,104468,136460,93026,64933,61519,45690,27878,4294,0,0,0
월드컵경기장(성산),12,25533,59774,145161,214104,153512,143559,171075,178958,207174,234086,247596,256686,251120,266952,186057,121056,105653,79718,33458,4565,28,0,0
월롱,289,5470,39919,116565,147374,56437,40165,38115,57360,47277,41244,56903,69464,118378,165432,74519,60652,48039,30573,19430,6416,11,0,0
을지로3가,200,44982,327292,1167744,2611197,1317370,695027,630018,614692,717093,735451,781192,890888,1548416,2565703,1160069,708266,659014,517051,252241,18892,195,11,0
을지로4가,108,30319,210875,564774,1405592,802350,522350,514772,519585,538737,580042,598299,619723,963339,1329840,651843,331581,262181,178531,81767,7778,77,1,0
을지로입구,1139,49812,310610,1396210,3372261,1813833,903926,879399,829589,937476,952689,1039411,1130444,1965060,3189014,1454560,1224412,842681,566745,226350,42220,2179,33,0
응봉,1641,15838,41385,88007,105393,60326,44186,42252,44449,48820,48444,53369,63654,70502,85661,73216,40929,33796,27517,16056,4394,1,0,0
응암,131,138355,326889,858575,1139443,606369,416908,401362,435013,450464,441562,490497,551201,682021,1034729,834832,532283,433048,379107,231781,31491,83,0,0
의왕,1337,90963,222595,589477,593836,238226,176571,173294,181487,196006,184460,207116,261661,426525,543915,370395,248136,207513,159182,90863,18926,0,0,0
의정부,28641,142639,328670,656131,830163,646859,520453,544023,605677,660800,658185,685155,739448,845402,1037128,851369,632672,495277,375676,215997,70151,8,0,0
이대,460,48516,206432,322798,617241,492299,363633,344999,421775,460852,424402,444807,524122,647855,696440,480807,336654,319018,270141,144329,11162,195,5,0
이매,821,43141,127468,300963,366296,218458,158875,164872,173596,177652,175716,186542,211323,292720,347330,239644,152360,145036,137044,64148,10815,10,0,0
이수,337,71643,195583,431319,944558,619339,391372,364216,391379,436281,442397,479882,548911,684514,1064506,705358,482651,457431,384730,212502,22110,283,2,0
이천,87,8385,35479,117202,133167,87910,68094,76810,75938,79124,74953,81878,96572,109032,148190,103315,84977,57215,51540,22607,4925,0,0,0
이촌(국립중앙박물관),1379,41050,193391,415819,659368,413868,289450,274623,311808,345823,330617,362882,438298,532792,672294,404106,267046,245581,188177,94419,14109,31,1,0
이태원,24,74456,145913,221011,418684,334778,246213,243303,281059,313190,321745,358181,429787,536317,681598,528599,393078,394509,360841,237139,35251,227,1,0
인덕원,1333,120173,424581,1205649,1889293,816433,508065,470302,495012,531710,519916,557689,677948,978959,1690583,1108572,664926,609028,501647,266903,45140,30,2,0
인천,3836,32115,85859,161443,188306,97204,110215,151691,180857,193294,204284,213645,219676,229284,219192,127793,97833,74835,51143,25539,12755,70,2,0
인천공항1터미널,12,72262,130266,238674,349058,174269,128315,178334,204700,198717,205697,222291,217452,288100,313634,167130,147563,143453,110545,50108,17097,106,0,0
인천공항2터미널,0,38271,73505,123769,155347,84325,50108,66393,86903,63548,67018,91865,96599,148191,155751,67180,56151,58468,33262,11582,3870,8,0,0
인천논현,24,27807,103992,230160,290632,175103,136816,142735,159533,170494,167564,182908,199478,266816,335121,217909,160028,152246,112052,65257,11385,1,0,1
인하대,75,33370,116432,258758,273906,140878,110558,117411,139285,139114,138382,154388,188373,242672,319552,175600,129736,125615,102262,58282,12229,3,2,0
일산,96,80112,259062,587741,480481,252861,187707,197762,221374,220347,226712,229855,285233,303780,484159,452588,246945,224814,178128,101012,33028,15,0,0
일원,55,38493,177235,518762,483197,335297,310779,273147,289488,294231,285113,311794,333363,464368,375441,270187,173872,144563,134882,59540,5599,49,2,0
잠실(송파구청),1221,228743,1028837,2404729,4526308,3363790,2016200,2029755,2152993,2369154,2402266,2635382,2993240,3972096,5660958,3754104,2851140,2383547,1878889,833656,57894,826,41,1
잠실나루,51,49168,234369,648650,908439,578361,410493,381387,409991,412527,406221,416076,471844,599878,760798,504904,315126,270556,225272,126358,10955,78,11,0
잠실새내,216,64595,259259,747728,1061666,775260,525979,513638,560038,617514,610173,655417,751732,929071,1325690,983532,640303,594004,533696,284452,34386,409,6,0
잠원,35,22500,111901,237084,321926,213801,138773,141148,158486,167326,154482,168421,191811,241732,311531,217397,136379,128167,117112,56629,4938,21,7,0
장승배기,139,87151,176316,418961,688532,404299,265224,243441,254487,273467,266361,289314,318531,393457,570893,414980,262692,257272,211496,119119,16933,54,2,0
장암,17,17079,84216,200297,139728,65744,49714,35524,37031,35877,37032,43034,48159,57104,65445,54468,29409,19006,12150,7582,773,10,0,0
장지,52,82262,278560,745004,1147464,689533,408832,395293,428646,432920,443521,495680,578997,733410,1111931,727324,485080,437541,325888,148484,14632,37,3,0
장한평,193,86372,309847,777858,1483457,707255,412454,364676,390117,415667,409620,447410,548858,746081,1274394,796368,448964,382659,311356,158219,26823,203,4,0
정릉,26,28155,70656,175586,223722,163595,124331,117716,128677,128888,128919,140482,153649,180280,235758,176505,107346,94219,72175,35270,3098,17,0,0
정발산,470,34651,91244,163297,318133,271286,205303,218827,230104,282501,287803,297769,307962,354201,458735,310242,248676,179759,144715,71498,6355,45,0,0
정부과천청사,463,34766,177037,396296,826120,309634,206833,190808,196751,219978,235260,244459,306858,443905,740885,317211,208155,184706,129950,60982,5723,8,0,1
정왕,2880,67066,212755,437644,424476,260349,197000,187234,212571,216996,215794,233465,267932,378215,476639,296565,224388,181651,125688,75423,23422,992,1,4
정자,4248,52762,284946,546337,1032340,723343,388027,329138,362827,385694,392259,434752,524348,726304,1101861,770088,507782,475927,423862,199693,42263,29,0,0
제기동,4330,76950,184600,437470,797859,658958,680131,825304,871392,917392,963099,936009,815836,728635,723479,416695,256575,214694,175110,88001,8689,33,4,0
제물포,9214,97738,211389,528606,605200,329677,239805,232775,260986,271578,250947,271434,346116,423109,542916,407706,265651,228627,182764,129737,34532,19,0,0
종각,1130,85317,319268,1175377,2647367,1648200,804402,781515,793409,918808,918115,989705,1078239,1789682,2733131,1297804,939421,975481,701810,290178,10671,52,11,0
종로3가,2602,112165,335648,711144,1925192,1990796,1655464,1723080,1855158,2018942,1999451,2013905,2032015,2322535,3165649,1867269,1169546,1172045,895284,384419,32340,353,14,1
종로5가,591,61998,196213,481635,1276442,866831,742560,805029,859718,902009,962576,966480,951005,1115616,1396745,720079,421278,336194,237369,90120,5861,27,1,0
종합운동장,126,48209,188613,452849,692174,453461,285440,263080,291122,324396,326496,347630,403639,541493,761417,488734,315046,330254,286049,141589,14769,426,4,0
주안,10802,198831,383668,913228,913737,598999,442423,449340,527984,513644,513252,536978,626964,825270,1048369,911353,598020,524819,442498,274022,64819,58,0,0
주엽,1586,65453,206748,357242,412790,299950,260496,268173,269329,294864,274605,310194,329944,344541,418152,357092,234653,181876,152309,86827,11493,393,0,0
죽전,14686,59869,233618,617237,629833,439186,383462,332651,352955,379798,381045,415542,477475,592215,823942,675258,536070,364239,310688,186884,73881,26,2,1
중계,254,122823,304259,832123,937411,496482,346376,320444,348897,352984,328593,357322,408044,497445,663916,612573,365458,323595,288094,164678,25033,51,0,0
중곡,29,68065,183646,433749,712703,397472,249709,228430,240532,246346,246104,273476,319059,381724,508626,422053,252586,227282,187635,112744,10974,37,0,1
중동,8531,130103,239183,530664,505252,283385,216578,211748,232353,232501,222793,235303,276084,349321,479062,401945,248904,207435,170097,104547,29479,20,1,0
중랑,1773,75046,123170,275613,307943,190308,147053,141531,146907,152517,157126,176231,184450,220852,316241,225552,159653,135121,102267,57921,11813,0,0,0
중앙,2612,94597,342915,667497,774436,487666,370453,385305,456788,488387,492657,502433,579280,715140,1000232,806004,573102,511966,408951,239092,64741,216,37,28
중앙보훈병원,56,31777,170970,464358,559961,356774,291585,240473,247750,244071,260120,270824,254960,340963,411685,315277,177356,164309,148962,72006,11861,478,6,1
중화,78,108652,206973,492962,786051,416030,273941,250170,274362,277093,274578,306366,353112,438317,621301,521592,312483,285471,240975,140378,20136,156,1,1
증미,12,31992,105553,292240,575239,240170,158817,153366,162682,173797,174897,199341,204855,266312,534087,298904,161350,143108,109359,60322,5638,31,0,0
증산(명지대앞),135,92674,204541,488407,638653,357539,252867,231933,256193,261843,261667,280416,334037,389446,593267,473301,278672,268287,223255,123388,22854,1468,0,0
지제,75,32287,88653,149410,109885,58331,44894,51158,62395,52002,53571,79704,87362,130220,146939,100838,65987,66749,50630,25695,824,1,0,0
지축,49,16921,80590,190854,187770,96735,70772,73472,74809,74222,72948,84217,102585,121399,182945,134605,89646,70460,64992,33300,2076,12,1,0
지평,0,0,2,4559,4109,55,7796,13,0,10,6,193,10694,41,850,3017,148,3,0,0,0,0,0,0
지행,519,62251,141675,283125,345903,204506,163851,173461,189111,195253,181337,186338,213790,282104,312319,292528,212355,159664,142956,95167,26518,14,0,0
직산,675,9159,21532,40202,43327,20999,19699,18850,20666,20921,18752,22060,24270,37921,44885,26521,18550,16917,11267,8362,1668,2,0,0
진위,103,11018,41095,98918,101415,31444,26383,25425,27052,28947,27220,32293,42279,79829,115797,54935,33916,29052,21475,9235,745,1,0,0
창동,18924,218095,553074,1248890,1353877,902897,717338,700580,761463,821828,846935,914619,1021519,1165745,1562521,1267210,797469,691646,581537,350265,70871,163,0,0
창신,137,31748,74039,196097,257473,127119,77218,69514,75867,77277,72113,78735,97884,109650,152229,117435,78151,70688,57668,37455,3938,10,0,0
천마산,147,14042,42574,95021,71975,61687,52013,43505,48383,44890,46956,49180,50845,57034,74133,60392,43440,34727,21515,14230,3238,0,0,0
천안,19879,35047,88166,146019,165494,183375,179367,205110,199112,224697,214041,246412,245851,252109,267172,199793,158124,108991,82566,43494,21076,51,0,0
천왕,530,89386,215554,554633,728322,377519,222846,205993,227172,235875,226125,249515,296734,361056,577493,472078,266375,225836,182262,105157,19569,205,5,0
천호(풍납토성),885,239621,576913,1150899,1755343,1299483,902422,931000,1010262,1093003,1115232,1234141,1379438,1718307,2356955,1738904,1195230,980646,769434,412025,59913,918,12,0
철산,110,171513,426853,1088953,1362732,774712,511516,482512,517865,550380,538198,585751,685950,947414,1416622,1124870,662919,594057,504538,273632,49515,92,6,0
청구,63,42448,111294,260175,657107,349747,192701,181111,189579,197619,193876,209343,244328,308238,491960,331160,202708,181117,149356,81646,10379,33,0,0
청담,351,73417,377393,758589,1819665,1198913,515214,376278,376641,431546,430392,500540,574614,864159,1452061,817242,475442,435988,305880,110625,29674,71,9,0
청라국제도시,610,40107,208992,411016,386249,149427,99792,105715,118433,116098,104737,120926,157821,231794,425625,309701,176723,150702,136988,85464,24026,11,0,0
청량리(서울시립대입구),29440,260503,526208,1047832,1462712,1280520,1245701,1366850,1445997,1496894,1622613,1677435,1652255,1679327,1839231,1328257,903795,642292,515557,267146,56750,170,2,1
청명,238,33033,84235,232807,270500,115591,80481,78440,88375,92694,85686,95053,128359,160107,222926,175449,111173,97788,83104,48972,8800,2,0,0
청평,50,12145,29597,53414,80536,62753,68174,81753,73913,68099,75800,64169,77751,81967,72734,56341,33327,29366,19611,11984,2696,0,0,0
초월,19,14050,58502,158385,190944,91884,61063,58444,59434,62316,57770,63816,85435,104986,165604,116910,98410,63887,56187,38275,11,1,0,0
초지,3015,35781,130744,284759,257640,127035,94426,93125,102304,103822,96276,103163,119183,174881,251953,186113,124205,99666,76424,44551,16764,201,4,3
총신대입구(이수),965,82396,303907,686244,1130302,778973,538715,525340,571595,616130,626154,669802,762886,934742,1336412,884884,577785,503294,420779,215911,26849,546,4,1
춘의,8,68651,171068,558692,844398,336054,184015,154795,166166,181149,171215,186103,219888,416648,683509,374549,242599,208421,138298,78912,7327,8,0,0
춘천,3137,4135,20785,29279,46188,43701,45334,62029,56431,68372,67125,78167,72111,70933,54055,50068,30802,23342,16576,8629,5848,2,0,0
충무로,944,63954,246376,689128,2149681,1271074,686010,601955,608535,684122,706829,708590,818251,1236726,2009747,1029744,648062,612460,461949,234721,25068,335,8,0
충정로(경기대입구),449,60814,176454,533824,1369219,734678,346800,315631,313536,357742,349924,364256,410667,626765,1215028,522123,325584,306699,238232,127364,12146,435,2,0
탄현,542,61758,211977,491163,355628,205496,156082,157811,169630,159892,167064,185467,206562,269319,400115,395458,232126,186959,155559,79683,42809,19,0,0
태릉입구,1567,150277,242201,548622,796929,473240,336630,328102,356430,379913,381283,403297,464595,576475,778891,633237,390529,366386,308866,198552,61076,2898,0,0
태평,2640,191219,283606,534796,880711,560825,353235,329437,343198,365715,363090,429294,453231,554687,726064,520079,370734,374204,287210,147291,15763,13,0,0
퇴계원,101,35595,82418,244900,195299,116574,87576,78768,85389,83630,79862,93298,103931,138911,197284,153712,100905,68792,70618,36277,10089,0,0,0
파주,727,9164,20812,52741,83711,43559,33759,31879,40461,35163,30619,39987,47127,57101,64427,29334,22288,20238,13875,8955,2925,5,0,0
판교,109,7758,78884,165558,312292,228960,102371,87986,73786,78621,82420,105157,110896,185582,288001,206570,158345,112757,56422,21498,2138,3,0,0
팔당,11,3679,12587,30449,39344,58253,44821,46666,43373,36033,44947,50279,51061,56594,49244,41508,27074,23437,15483,4084,1025,5,0,0
평내호평,6079,72261,127715,343275,294114,172747,148890,132620,156018,146916,156372,157175,172178,243013,282171,293517,149474,141224,109060,80074,22877,0,0,0
평촌,337,69361,311883,956031,1423374,627383,354489,325724,336158,370038,354954,380279,446175,694234,1180267,790540,467706,392895,335148,152162,32946,15,2,0
평택,1472,108635,232620,416099,448867,377475,331746,361440,378211,409496,402835,433869,502513,593870,644468,481649,408736,308590,231363,132327,12959,77,1,2
풍산,38,39068,123668,293342,272716,169962,123579,126586,133859,136793,130996,143578,161773,192412,282009,217185,161853,145611,102495,72203,14616,18,0,0
하계,76,102833,324460,915733,1051322,605543,432887,425736,471153,488417,475849,520722,579541,666030,881399,803674,469222,424718,366102,210864,30155,65,0,0
학동,26,52979,304368,667217,2189103,1625045,610373,398449,386638,447853,477661,512731,568931,926001,1997277,1019274,522822,470511,326509,135935,11430,33,1,0
학여울,19,7604,37455,74251,123798,77347,53394,48373,55106,59417,60232,68990,71423,90529,117576,70026,41988,37464,31918,14507,1277,16,1,0
한강진,87,13386,97436,236810,432221,333572,187790,175723,177186,230184,201425,242299,327123,422828,547047,373960,225048,254500,206917,59185,16795,7,14,0
한남,2028,29016,82864,166183,218971,181411,112095,103896,108003,115401,110346,133049,151386,220604,258377,146720,95093,95518,70182,35405,7608,4,0,0
한대앞,2106,79467,205957,376233,408958,250003,198055,195509,207701,213507,208784,218242,258718,332487,464598,344222,239788,199319,170808,96878,25212,29,15,15
한성대입구(삼선교),801,89617,202326,504652,730088,522018,364406,355884,393695,417106,404427,435855,506792,617257,762874,530374,354702,324281,283449,162155,67839,1854,51,0
한성백제,9,10253,36667,81114,140517,85028,53553,52346,58027,61250,66613,67317,78715,97605,136254,93013,60229,52733,42790,23003,1987,15,2,0
한양대,35,15687,92139,180505,456295,397060,249364,206332,240431,250654,236688,232519,285270,403087,412208,218492,166754,164926,139509,78820,6149,57,0,0
한티,182,29749,160893,437347,758960,596754,383083,332789,404394,484414,395938,424280,495306,719544,821043,572567,468802,337403,375667,107454,6470,5,0,0
합정,1376,179021,489622,1154937,2365571,1625310,1035449,1009943,1150616,1300190,1298862,1338590,1552131,2093739,3279846,2221024,1450614,1465049,1273287,696576,59290,689,14,0
행당,94,53404,150488,393751,577679,296167,188108,177833,195467,199177,191011,208982,230870,298351,461431,316698,192768,175624,155002,76063,9616,22,5,0
행신,8,47330,178584,472774,456881,220370,146308,165112,170620,173558,155538,167351,225300,305793,500250,387478,219688,183673,166528,91473,28502,14,0,0
혜화,415,67209,301684,688543,1498789,1093164,871153,837334,931512,1142731,1166276,1155286,1284680,1609693,2004752,1254552,855869,985034,908678,364466,30173,214,5,1
호구포,19,24825,87437,249350,258177,84391,62376,65913,74037,74179,77029,84678,99088,192265,239957,117166,98896,75840,46136,31524,5900,0,0,0
홍대입구,9443,305835,547660,1202795,2310184,2080478,1463421,1608252,1975464,2291129,2304702,2463898,2768981,3427202,4494003,3399914,2473378,2534840,2358226,1253285,155455,5835,39,0
홍제,697,117432,337018,767593,1043772,647777,486480,455843,484122,491664,490595,542035,608130,720935,969170,735970,448756,401588,307565,182554,14452,52,0,0
화계,35,25833,55145,145721,197483,123764,99835,94347,98977,102162,99328,103403,110270,117269,153890,136155,77137,64073,50605,29047,2656,21,0,0
화곡,1091,255648,543107,1413922,1909147,1036161,646682,608710,648005,670728,648253,711089,840041,1072134,1689295,1309167,810689,689558,595914,331163,38454,109,0,0
화랑대(서울여대입구),84,72957,252618,728544,730201,355206,234079,213675,236175,229638,224445,240567,297860,364197,525739,447248,253546,220962,188338,125912,20493,130,0,0
화서,4165,96551,269493,462744,395669,191962,149880,146328,145369,161502,151739,167485,205002,301737,419380,344147,207455,178821,147472,83236,18838,0,1,0
화전,1,9696,23974,57490,97154,60780,46501,44644,49491,55193,51814,53030,59151,75576,80422,55769,37754,30839,28145,17734,5319,1,0,0
화정,1356,125647,333693,699255,900475,562207,456073,478866,518500,538964,543460,612819,619297,742842,958312,744938,496507,452396,387370,186802,13685,31,0,0
회기,8574,163434,357198,876292,1240972,802434,647161,629212,690519,737139,730051,786872,841869,1094865,1251728,936623,631153,654640,579032,346597,64102,73,0,0
회룡,11797,177439,342635,700746,624257,410557,339400,327276,356574,345140,334812,358371,406306,470269,592759,556659,331933,278853,209664,130028,42996,7,0,0
회현(남대문시장),426,30774,242060,608808,1575838,1164846,892657,830167,787717,819416,864498,895642,995413,1208524,1482508,616177,544042,262907,162191,64519,7278,312,3,0
효창공원앞,82,42917,138625,333802,742968,441180,234914,220067,230012,245153,241155,258989,302625,393858,658865,392735,238138,212386,170510,98462,16137,20,1,0
흑석(중앙대입구),77,45539,115441,285360,394942,284398,222278,205338,237524,251111,232175,266561,296534,387825,457106,306395,218410,188805,177889,104906,8282,130,3,0